               epoch,      train/box_loss,      train/obj_loss,      train/cls_loss,   metrics/precision,      metrics/recall,     metrics/mAP_0.5,metrics/mAP_0.5:0.95,        val/box_loss,        val/obj_loss,        val/cls_loss,               x/lr0,               x/lr1,               x/lr2
                   0,             0.16024,            0.016854,            0.043852,                   0,                   0,                   0,                   0,             0.14941,            0.015048,            0.043462,              0.0739,              0.0029,              0.0029
                   1,             0.15111,            0.016761,            0.043097,                   0,                   0,                   0,                   0,             0.14407,            0.015428,            0.043123,            0.046881,           0.0058805,           0.0058805
                   2,             0.14681,            0.016254,            0.042017,                   0,                   0,                   0,                   0,             0.14129,             0.01497,            0.042808,            0.019841,           0.0088413,           0.0088413
                   3,             0.14318,            0.016734,            0.038714,                   0,                   0,                   0,                   0,             0.13953,            0.014419,             0.04252,            0.009901,            0.009901,            0.009901
                   4,             0.13929,            0.017917,            0.036156,          0.00027136,            0.052326,          0.00018516,          4.7909e-05,             0.13611,             0.01463,            0.038389,            0.009901,            0.009901,            0.009901
                   5,             0.13385,            0.019069,            0.034132,             0.56152,             0.10368,            0.048368,            0.012993,             0.13025,            0.015891,            0.037589,            0.009868,            0.009868,            0.009868
                   6,              0.1289,            0.020101,            0.030228,             0.37089,             0.18217,            0.097109,            0.027848,             0.12243,             0.01741,            0.035226,            0.009835,            0.009835,            0.009835
                   7,              0.1227,            0.019463,            0.025378,            0.087555,              0.2093,             0.07001,            0.019147,               0.122,            0.019425,            0.030504,            0.009802,            0.009802,            0.009802
                   8,             0.11717,            0.020179,              0.0207,             0.15708,             0.31434,             0.15096,            0.040225,             0.11145,             0.02175,            0.021283,            0.009769,            0.009769,            0.009769
                   9,             0.11139,            0.020479,            0.018095,             0.30691,             0.33933,             0.28214,             0.08611,             0.10598,            0.020895,             0.01951,            0.009736,            0.009736,            0.009736
                  10,             0.10796,             0.02163,            0.016705,             0.36947,             0.44053,             0.38359,             0.12746,             0.09311,            0.019749,              0.0155,            0.009703,            0.009703,            0.009703
                  11,             0.10253,            0.021298,            0.015887,             0.38714,             0.48297,             0.37422,             0.11409,            0.094413,            0.021603,            0.016333,             0.00967,             0.00967,             0.00967
                  12,             0.10012,            0.021879,            0.015019,              0.3139,             0.25753,             0.18281,            0.051518,             0.11409,            0.019595,            0.030406,            0.009637,            0.009637,            0.009637
                  13,            0.096476,            0.021988,            0.014373,             0.54698,             0.58869,             0.57972,             0.18323,             0.08386,            0.018207,            0.012317,            0.009604,            0.009604,            0.009604
                  14,             0.09535,            0.021971,            0.014067,             0.65237,             0.66392,             0.66785,              0.2592,            0.081816,            0.018266,            0.012776,            0.009571,            0.009571,            0.009571
                  15,            0.092924,            0.021877,            0.013558,             0.58946,             0.64265,             0.62207,             0.22218,            0.081503,             0.01887,            0.012646,            0.009538,            0.009538,            0.009538
                  16,            0.091899,            0.022365,            0.013576,             0.72326,             0.70206,             0.66526,             0.24536,            0.078894,            0.017401,            0.011749,            0.009505,            0.009505,            0.009505
                  17,             0.08867,            0.021284,            0.012946,              0.6589,             0.69812,             0.65244,             0.24059,            0.079961,             0.01741,            0.010928,            0.009472,            0.009472,            0.009472
                  18,            0.089296,            0.022122,            0.013161,             0.68122,             0.64784,             0.69053,             0.25828,            0.076947,            0.017503,            0.011818,            0.009439,            0.009439,            0.009439
                  19,             0.08793,            0.021706,            0.012617,             0.71516,             0.65291,             0.64186,             0.21397,            0.080329,            0.017839,            0.011073,            0.009406,            0.009406,            0.009406
                  20,            0.087728,            0.021609,            0.012713,             0.78561,             0.77542,             0.76191,             0.27951,            0.074818,            0.017035,            0.010712,            0.009373,            0.009373,            0.009373
                  21,            0.087015,            0.022437,            0.012378,             0.70977,             0.76119,               0.696,              0.2664,             0.07642,            0.017606,            0.010438,             0.00934,             0.00934,             0.00934
                  22,            0.085421,            0.021123,            0.011958,             0.78614,             0.73722,             0.76928,             0.31765,            0.074092,            0.016678,            0.010417,            0.009307,            0.009307,            0.009307
                  23,            0.085236,            0.021393,            0.011985,             0.78155,              0.7665,             0.77902,             0.29509,            0.072566,            0.016608,            0.009697,            0.009274,            0.009274,            0.009274
                  24,            0.082894,             0.02123,            0.011843,             0.77936,             0.79055,             0.80151,             0.33762,            0.070082,            0.016381,            0.010016,            0.009241,            0.009241,            0.009241
                  25,            0.082968,             0.02077,            0.011707,             0.69015,             0.74574,             0.71895,             0.29164,            0.073491,            0.017418,           0.0098427,            0.009208,            0.009208,            0.009208
                  26,            0.083245,            0.021198,            0.012051,             0.73765,             0.80359,             0.77323,             0.30832,            0.071689,            0.016335,           0.0095337,            0.009175,            0.009175,            0.009175
                  27,            0.081144,            0.020705,             0.01156,             0.76682,             0.72875,             0.73155,             0.29014,            0.071827,             0.01777,           0.0094901,            0.009142,            0.009142,            0.009142
                  28,            0.081297,            0.021473,            0.011256,             0.81521,             0.78563,             0.77978,             0.31409,            0.071036,            0.016711,           0.0094349,            0.009109,            0.009109,            0.009109
                  29,            0.080244,            0.021068,            0.011236,             0.72989,             0.79269,             0.76225,             0.30979,            0.069963,            0.016407,           0.0096789,            0.009076,            0.009076,            0.009076
                  30,            0.079961,            0.020602,            0.011061,             0.84412,             0.79099,             0.80613,             0.33531,            0.068586,            0.016374,           0.0091883,            0.009043,            0.009043,            0.009043
                  31,            0.080069,            0.021517,            0.011262,             0.84263,             0.79014,             0.81953,             0.33451,            0.067628,            0.016561,           0.0090888,             0.00901,             0.00901,             0.00901
                  32,             0.07974,            0.020955,            0.011119,             0.85589,             0.79966,             0.83408,             0.34613,            0.068885,            0.016142,           0.0089662,            0.008977,            0.008977,            0.008977
                  33,            0.079465,            0.020954,            0.011104,             0.74685,             0.79294,              0.7515,             0.26242,            0.073112,            0.016325,           0.0088563,            0.008944,            0.008944,            0.008944
                  34,            0.077304,            0.020493,            0.010865,             0.83495,              0.8292,             0.80896,             0.34041,            0.068376,            0.015935,           0.0087756,            0.008911,            0.008911,            0.008911
                  35,            0.078184,            0.019494,            0.010922,             0.84244,             0.81226,             0.84719,             0.36015,            0.067033,            0.016172,           0.0088078,            0.008878,            0.008878,            0.008878
                  36,             0.07801,            0.021368,            0.011014,              0.8575,             0.80582,             0.82285,             0.33149,            0.067583,            0.015905,           0.0089917,            0.008845,            0.008845,            0.008845
                  37,            0.076354,            0.020961,             0.01074,             0.85252,             0.81883,             0.84441,              0.3687,            0.066187,            0.016193,           0.0088238,            0.008812,            0.008812,            0.008812
                  38,            0.076388,            0.020676,            0.010546,             0.86772,             0.83413,               0.843,             0.33867,            0.065919,             0.01589,           0.0087295,            0.008779,            0.008779,            0.008779
                  39,            0.076289,            0.020166,            0.010569,             0.80361,             0.80676,             0.81112,             0.34883,            0.066762,            0.016085,           0.0088284,            0.008746,            0.008746,            0.008746
                  40,            0.073078,            0.019575,            0.010339,             0.83188,             0.82135,              0.8337,              0.3628,            0.066194,            0.016094,           0.0087538,            0.008713,            0.008713,            0.008713
                  41,            0.075581,            0.020286,            0.010574,             0.72751,             0.61713,              0.6548,             0.27511,            0.078811,            0.018051,            0.012452,             0.00868,             0.00868,             0.00868
                  42,            0.074822,            0.020177,            0.010402,             0.87236,             0.84082,              0.8604,             0.37046,            0.065353,            0.015539,           0.0084048,            0.008647,            0.008647,            0.008647
                  43,            0.076062,            0.020652,            0.010567,             0.72052,              0.7999,              0.7387,              0.3183,            0.067307,             0.01669,           0.0085757,            0.008614,            0.008614,            0.008614
                  44,            0.075051,            0.020554,              0.0105,             0.84868,             0.82429,             0.84314,             0.36148,            0.066521,            0.015618,           0.0083765,            0.008581,            0.008581,            0.008581
                  45,            0.074601,            0.020429,            0.010519,             0.75303,             0.80036,             0.77136,             0.33495,            0.067381,            0.017161,            0.009214,            0.008548,            0.008548,            0.008548
                  46,            0.074044,            0.021218,            0.010409,             0.83974,             0.83867,             0.83729,             0.36023,            0.065625,            0.015833,           0.0083992,            0.008515,            0.008515,            0.008515
                  47,            0.073499,            0.020231,            0.010309,             0.87795,             0.82629,             0.85524,             0.36878,             0.06646,            0.015391,           0.0083243,            0.008482,            0.008482,            0.008482
                  48,            0.074175,            0.020131,            0.010277,             0.83398,             0.83761,             0.82502,             0.35995,            0.066051,            0.016076,           0.0085609,            0.008449,            0.008449,            0.008449
                  49,              0.0742,            0.021069,            0.010378,             0.86139,             0.84593,             0.85716,             0.38781,            0.064528,            0.015773,           0.0083938,            0.008416,            0.008416,            0.008416
                  50,            0.073649,            0.020447,            0.010317,              0.7532,             0.75012,             0.78415,             0.32586,            0.072116,             0.01634,            0.009063,            0.008383,            0.008383,            0.008383
                  51,            0.074079,            0.020711,            0.010754,             0.88855,             0.85217,              0.8646,             0.38778,            0.065025,            0.015447,           0.0083491,             0.00835,             0.00835,             0.00835
                  52,             0.07172,            0.019981,            0.010358,              0.8658,              0.8291,             0.85653,               0.389,            0.065335,            0.015329,           0.0084389,            0.008317,            0.008317,            0.008317
                  53,            0.073951,            0.019692,            0.010512,             0.88714,             0.85801,             0.86388,             0.38326,            0.063269,             0.01537,           0.0082423,            0.008284,            0.008284,            0.008284
                  54,            0.073059,             0.02094,            0.010262,              0.8609,             0.83914,             0.86711,             0.38708,            0.063572,            0.015326,           0.0081897,            0.008251,            0.008251,            0.008251
                  55,             0.07334,            0.020521,            0.010358,             0.86179,             0.85203,              0.8443,             0.36847,            0.064728,            0.015481,           0.0081952,            0.008218,            0.008218,            0.008218
                  56,            0.071691,            0.020458,           0.0099118,             0.86013,             0.85604,             0.85796,             0.38855,            0.063602,            0.015568,           0.0081997,            0.008185,            0.008185,            0.008185
                  57,            0.072989,            0.020463,            0.010298,             0.86327,             0.86302,             0.86339,             0.39497,            0.064431,            0.015636,           0.0080834,            0.008152,            0.008152,            0.008152
                  58,            0.071347,            0.020316,            0.010167,             0.86965,             0.85879,              0.8369,             0.37324,            0.066104,            0.015451,           0.0081401,            0.008119,            0.008119,            0.008119
                  59,            0.071258,            0.020045,           0.0099473,             0.88359,             0.86298,              0.8636,             0.39335,             0.06361,            0.015311,            0.008207,            0.008086,            0.008086,            0.008086
                  60,            0.072016,             0.02055,            0.010109,             0.85669,             0.84813,             0.85116,             0.37871,            0.065593,            0.017058,           0.0081375,            0.008053,            0.008053,            0.008053
                  61,            0.071974,            0.020113,           0.0098907,             0.84084,             0.85819,             0.86198,             0.39103,            0.062421,            0.015155,           0.0081461,             0.00802,             0.00802,             0.00802
                  62,              0.0709,            0.020978,            0.010094,             0.89426,             0.86119,              0.8725,             0.38401,            0.062347,            0.015091,           0.0081965,            0.007987,            0.007987,            0.007987
                  63,            0.072292,            0.020547,            0.010276,             0.88118,             0.86374,               0.872,             0.38132,            0.063738,            0.015363,           0.0079885,            0.007954,            0.007954,            0.007954
                  64,            0.069561,            0.020465,           0.0095413,             0.90669,             0.88522,              0.8987,             0.40349,            0.061209,            0.015068,           0.0080863,            0.007921,            0.007921,            0.007921
                  65,            0.070858,            0.020458,           0.0099059,             0.78291,             0.75012,             0.76918,             0.31534,            0.072425,             0.01665,            0.010801,            0.007888,            0.007888,            0.007888
                  66,            0.071448,            0.020003,            0.010561,             0.85641,             0.87124,             0.85133,             0.38158,            0.063207,            0.015338,           0.0081114,            0.007855,            0.007855,            0.007855
                  67,            0.070785,            0.020304,           0.0099443,             0.88413,             0.85629,             0.86385,             0.39088,            0.062795,            0.015634,           0.0083793,            0.007822,            0.007822,            0.007822
                  68,              0.0709,            0.021048,            0.010089,             0.90051,             0.86256,             0.89077,             0.38707,            0.060865,            0.015349,            0.007965,            0.007789,            0.007789,            0.007789
                  69,              0.0703,            0.019661,            0.010037,             0.89625,             0.85558,             0.86956,             0.39301,            0.063206,            0.015182,           0.0080974,            0.007756,            0.007756,            0.007756
                  70,            0.070836,            0.021232,            0.010012,             0.85703,             0.86114,             0.85529,             0.38881,            0.062392,            0.015895,           0.0082012,            0.007723,            0.007723,            0.007723
                  71,             0.07076,            0.020586,             0.01004,             0.88188,               0.857,             0.86295,             0.39018,            0.063062,             0.01571,           0.0082941,             0.00769,             0.00769,             0.00769
                  72,            0.070239,             0.02053,            0.009905,             0.91048,             0.87791,             0.89228,             0.40404,              0.0618,            0.015059,           0.0079516,            0.007657,            0.007657,            0.007657
                  73,            0.068592,            0.019752,           0.0095806,             0.88478,             0.86583,             0.88347,             0.39492,            0.062099,            0.015625,           0.0080438,            0.007624,            0.007624,            0.007624
                  74,            0.068969,             0.01929,           0.0096348,             0.89276,             0.88037,             0.88753,             0.40888,            0.062016,             0.01522,            0.007814,            0.007591,            0.007591,            0.007591
                  75,            0.068625,            0.019154,           0.0099246,             0.77233,              0.7339,             0.75023,             0.31361,            0.070257,            0.016721,           0.0092234,            0.007558,            0.007558,            0.007558
                  76,            0.068647,             0.01938,           0.0098535,             0.90309,             0.87735,             0.88773,             0.39811,            0.061611,            0.014926,           0.0078916,            0.007525,            0.007525,            0.007525
                  77,            0.068839,            0.019718,           0.0097141,             0.91883,             0.88813,             0.89429,             0.41044,            0.061337,            0.014848,           0.0079692,            0.007492,            0.007492,            0.007492
                  78,            0.068212,            0.018532,           0.0096837,             0.88545,              0.8839,             0.88875,             0.41062,            0.060607,             0.01491,           0.0078671,            0.007459,            0.007459,            0.007459
                  79,             0.06828,            0.019715,           0.0096434,             0.87938,              0.8613,             0.87373,             0.39601,             0.06297,            0.015133,           0.0080793,            0.007426,            0.007426,            0.007426
                  80,            0.069641,            0.020321,            0.010101,             0.86437,             0.87177,             0.85869,             0.38768,            0.061727,             0.01525,           0.0079294,            0.007393,            0.007393,            0.007393
                  81,            0.067917,            0.019426,           0.0093927,             0.89867,             0.86414,             0.87423,             0.40008,            0.060782,            0.015035,            0.007784,             0.00736,             0.00736,             0.00736
                  82,             0.06886,            0.020236,           0.0097977,             0.86056,             0.83093,             0.85013,              0.3886,            0.063088,            0.016234,           0.0084489,            0.007327,            0.007327,            0.007327
                  83,            0.069295,            0.020407,            0.010093,             0.87134,             0.85346,             0.87323,             0.40527,            0.061375,            0.014955,            0.007834,            0.007294,            0.007294,            0.007294
                  84,             0.06907,            0.019892,            0.010083,             0.89979,             0.88007,             0.88446,             0.41554,            0.060241,            0.014923,           0.0077606,            0.007261,            0.007261,            0.007261
                  85,            0.067769,            0.019158,           0.0095902,             0.89028,             0.88407,             0.88733,             0.41051,              0.0594,              0.0151,           0.0079006,            0.007228,            0.007228,            0.007228
                  86,            0.068047,            0.020439,           0.0097767,             0.91778,             0.87467,             0.90152,             0.41452,            0.060797,            0.014799,           0.0078305,            0.007195,            0.007195,            0.007195
                  87,            0.067861,            0.019781,           0.0097328,              0.9198,             0.87773,             0.89749,             0.41632,            0.060971,            0.014752,           0.0078475,            0.007162,            0.007162,            0.007162
                  88,            0.068282,            0.020217,           0.0096227,             0.89732,             0.87612,             0.89165,             0.42031,            0.060084,            0.014851,            0.007815,            0.007129,            0.007129,            0.007129
                  89,            0.067225,            0.019115,           0.0093878,             0.88983,             0.85393,             0.88754,             0.42127,            0.059995,            0.014894,            0.007846,            0.007096,            0.007096,            0.007096
                  90,            0.067188,            0.020338,           0.0095484,             0.82362,             0.82986,             0.85044,             0.39419,            0.062459,            0.016391,           0.0086009,            0.007063,            0.007063,            0.007063
                  91,            0.066249,            0.019522,           0.0093523,             0.90705,             0.88334,             0.90206,             0.42004,             0.05896,            0.015017,           0.0077997,             0.00703,             0.00703,             0.00703
                  92,            0.066311,            0.019662,           0.0094635,             0.91416,             0.89014,             0.89654,             0.41167,            0.060659,            0.014912,            0.007958,            0.006997,            0.006997,            0.006997
                  93,            0.067953,            0.019152,           0.0092797,             0.89932,             0.88668,             0.89694,             0.41574,            0.060298,            0.014699,           0.0076837,            0.006964,            0.006964,            0.006964
                  94,            0.066576,            0.019931,           0.0093762,             0.89628,             0.88042,             0.88539,             0.40458,            0.059155,            0.014563,           0.0076893,            0.006931,            0.006931,            0.006931
                  95,            0.065682,            0.019216,           0.0095289,             0.90288,             0.88911,             0.87809,             0.42227,            0.058906,            0.014645,           0.0076788,            0.006898,            0.006898,            0.006898
                  96,            0.066396,            0.019265,           0.0094155,             0.91365,             0.88608,             0.89027,             0.42612,            0.059535,            0.014597,           0.0077456,            0.006865,            0.006865,            0.006865
                  97,             0.06764,            0.020382,            0.009583,             0.88549,             0.86603,             0.86782,             0.39385,             0.06276,              0.0151,           0.0081462,            0.006832,            0.006832,            0.006832
                  98,            0.066348,             0.01949,           0.0096899,             0.90567,             0.87411,             0.88219,              0.4111,            0.060169,            0.015055,           0.0079972,            0.006799,            0.006799,            0.006799
                  99,            0.067429,            0.019897,           0.0096676,             0.89995,             0.88391,             0.88915,             0.41166,            0.059182,            0.014474,           0.0077073,            0.006766,            0.006766,            0.006766
                 100,            0.066483,            0.019073,           0.0094086,             0.90246,             0.87956,              0.8907,             0.41697,            0.059668,            0.014541,           0.0078442,            0.006733,            0.006733,            0.006733
                 101,            0.065862,             0.01967,           0.0093801,             0.92153,             0.87383,             0.89004,              0.4098,            0.060823,            0.014799,           0.0076944,              0.0067,              0.0067,              0.0067
                 102,            0.066023,            0.019025,           0.0094019,             0.92436,             0.88884,             0.89633,             0.41711,            0.060123,            0.015006,           0.0077285,            0.006667,            0.006667,            0.006667
                 103,            0.066472,            0.019726,           0.0095796,             0.90018,             0.86769,             0.87843,              0.4098,            0.060984,            0.014931,           0.0077415,            0.006634,            0.006634,            0.006634
                 104,            0.067317,            0.019481,            0.009385,             0.90241,             0.86965,             0.87661,             0.41433,            0.058844,            0.015003,           0.0077099,            0.006601,            0.006601,            0.006601
                 105,            0.065418,             0.01965,           0.0094786,             0.90636,             0.88218,              0.8782,             0.41759,            0.058746,            0.014748,           0.0076448,            0.006568,            0.006568,            0.006568
                 106,            0.065611,            0.019839,           0.0093011,             0.91555,             0.87715,             0.88614,             0.41092,            0.058621,            0.014687,           0.0077385,            0.006535,            0.006535,            0.006535
                 107,            0.065842,            0.019695,           0.0091458,             0.91754,             0.88588,             0.89906,               0.433,            0.058817,            0.014803,           0.0077308,            0.006502,            0.006502,            0.006502
                 108,            0.064715,            0.018725,           0.0092354,             0.92236,              0.8962,             0.90518,             0.43194,            0.058079,            0.014672,            0.007679,            0.006469,            0.006469,            0.006469
                 109,            0.064954,            0.019595,            0.009438,             0.87321,              0.8611,             0.87406,             0.41099,            0.060494,            0.015504,           0.0081155,            0.006436,            0.006436,            0.006436
                 110,            0.064725,            0.018912,           0.0093224,              0.9168,             0.88828,             0.88215,             0.42135,              0.0582,            0.014577,           0.0076943,            0.006403,            0.006403,            0.006403
                 111,            0.066691,            0.019963,           0.0095647,             0.90609,             0.89255,             0.90705,             0.42475,             0.05852,            0.014489,           0.0076406,             0.00637,             0.00637,             0.00637
                 112,            0.065431,            0.020452,           0.0092626,             0.90763,             0.88773,             0.89364,             0.43469,            0.058325,            0.014507,            0.007733,            0.006337,            0.006337,            0.006337
                 113,            0.064235,            0.019135,           0.0092818,             0.90945,             0.88178,             0.89172,             0.43042,            0.058331,            0.014449,           0.0075702,            0.006304,            0.006304,            0.006304
                 114,            0.064697,            0.019673,           0.0091622,             0.89251,              0.8509,             0.86762,             0.40017,            0.060413,            0.015688,           0.0080518,            0.006271,            0.006271,            0.006271
                 115,            0.065294,            0.019856,           0.0093976,             0.92411,             0.89703,             0.89605,             0.41544,            0.059372,             0.01459,           0.0076731,            0.006238,            0.006238,            0.006238
                 116,            0.065068,            0.019104,           0.0093735,              0.9285,             0.89979,             0.90479,             0.43487,            0.057505,             0.01442,           0.0075531,            0.006205,            0.006205,            0.006205
                 117,            0.065296,            0.019446,           0.0093322,             0.90741,              0.8887,             0.88947,             0.42118,            0.058007,            0.014526,           0.0076025,            0.006172,            0.006172,            0.006172
                 118,            0.066378,             0.01964,           0.0095767,              0.8994,             0.88623,             0.88454,             0.42092,            0.058063,            0.014536,           0.0075823,            0.006139,            0.006139,            0.006139
                 119,            0.064115,            0.018831,           0.0091134,             0.92582,             0.89823,             0.91156,             0.42617,            0.057755,            0.014272,            0.007544,            0.006106,            0.006106,            0.006106
                 120,            0.064446,            0.019351,           0.0092641,             0.91401,              0.8873,             0.89294,             0.42397,            0.058512,            0.014474,           0.0075626,            0.006073,            0.006073,            0.006073
                 121,            0.065082,            0.020061,           0.0093465,              0.9087,             0.88547,             0.88999,             0.41892,            0.057929,            0.014365,           0.0075633,             0.00604,             0.00604,             0.00604
                 122,            0.064618,            0.020158,           0.0092617,             0.90775,             0.87117,             0.87842,             0.41143,            0.058342,            0.014547,           0.0075874,            0.006007,            0.006007,            0.006007
                 123,            0.063627,            0.018372,           0.0090685,             0.90352,             0.88451,             0.88436,             0.41298,            0.058935,            0.014653,           0.0076262,            0.005974,            0.005974,            0.005974
                 124,             0.06401,            0.019315,           0.0094348,             0.91703,             0.88642,             0.89074,              0.4321,            0.057018,            0.014309,           0.0074486,            0.005941,            0.005941,            0.005941
                 125,            0.065075,            0.018903,           0.0091611,             0.91367,             0.86918,             0.89093,              0.4161,            0.059238,            0.014648,           0.0075303,            0.005908,            0.005908,            0.005908
                 126,            0.064299,            0.019228,           0.0096226,             0.90765,             0.88821,             0.88671,             0.41834,            0.057375,            0.014438,           0.0075851,            0.005875,            0.005875,            0.005875
                 127,            0.065013,            0.019373,           0.0093085,             0.91551,              0.8941,              0.9038,             0.42741,            0.056845,            0.014209,           0.0074749,            0.005842,            0.005842,            0.005842
                 128,             0.06348,            0.019426,           0.0092457,             0.92442,             0.89693,             0.91061,             0.43473,            0.057468,            0.014193,           0.0074604,            0.005809,            0.005809,            0.005809
                 129,            0.064082,            0.019255,           0.0093058,             0.93044,             0.89818,             0.90737,             0.43139,            0.056963,            0.014207,           0.0074783,            0.005776,            0.005776,            0.005776
                 130,            0.064445,            0.019347,           0.0093006,             0.92175,             0.89701,             0.90367,             0.43639,            0.057103,            0.014193,           0.0074774,            0.005743,            0.005743,            0.005743
                 131,            0.064582,            0.019543,           0.0093794,             0.92185,             0.88969,             0.89136,             0.43005,             0.05791,            0.014294,            0.007469,             0.00571,             0.00571,             0.00571
                 132,            0.063789,            0.019245,           0.0090298,             0.91789,              0.8798,             0.88325,              0.4152,            0.060042,            0.014498,           0.0076444,            0.005677,            0.005677,            0.005677
                 133,            0.064339,            0.019754,           0.0093368,             0.92228,             0.91241,              0.9139,             0.43919,            0.057045,            0.014223,            0.007445,            0.005644,            0.005644,            0.005644
                 134,            0.063519,            0.018974,           0.0091415,             0.92658,             0.90829,             0.90424,             0.42774,             0.05786,            0.014265,           0.0074692,            0.005611,            0.005611,            0.005611
                 135,            0.063378,            0.019048,           0.0089489,             0.92225,             0.89207,             0.89926,             0.42959,             0.05737,             0.01441,           0.0074966,            0.005578,            0.005578,            0.005578
                 136,            0.063799,            0.019532,             0.00984,             0.92028,             0.88405,             0.89069,             0.43245,            0.057385,            0.014278,           0.0074577,            0.005545,            0.005545,            0.005545
                 137,            0.064269,            0.019052,           0.0094242,             0.91674,             0.89705,             0.89821,             0.42538,            0.057147,            0.014242,           0.0074438,            0.005512,            0.005512,            0.005512
                 138,            0.063533,            0.019175,           0.0090742,             0.91588,             0.88762,             0.89129,             0.43531,            0.056988,             0.01426,           0.0074311,            0.005479,            0.005479,            0.005479
                 139,            0.062773,             0.01918,           0.0089394,             0.92781,             0.89537,             0.90032,             0.43271,            0.056951,            0.014424,            0.007469,            0.005446,            0.005446,            0.005446
                 140,            0.063706,            0.018896,           0.0092333,             0.93099,              0.9017,              0.9121,             0.44566,            0.056583,            0.014039,           0.0074653,            0.005413,            0.005413,            0.005413
                 141,            0.063004,             0.01898,           0.0091886,              0.9166,             0.89424,             0.89451,             0.43239,            0.057539,             0.01432,           0.0074433,             0.00538,             0.00538,             0.00538
                 142,            0.063814,            0.019477,           0.0093673,             0.91754,             0.89743,             0.90123,             0.44099,            0.057666,            0.014338,           0.0074124,            0.005347,            0.005347,            0.005347
                 143,            0.063492,            0.019481,           0.0093134,             0.92036,              0.8902,             0.89859,             0.43502,            0.057754,            0.014402,           0.0075399,            0.005314,            0.005314,            0.005314
                 144,            0.064067,            0.019858,           0.0093025,             0.91599,             0.90078,             0.89614,             0.43744,            0.057073,            0.014302,           0.0074625,            0.005281,            0.005281,            0.005281
                 145,            0.063338,             0.01829,           0.0092184,              0.9276,             0.90566,             0.91078,             0.43395,            0.056563,            0.014295,           0.0073999,            0.005248,            0.005248,            0.005248
                 146,            0.063126,            0.019056,           0.0090244,             0.92357,             0.89822,             0.90241,             0.43435,            0.056274,            0.014037,           0.0073639,            0.005215,            0.005215,            0.005215
                 147,            0.062649,             0.01941,           0.0092106,             0.92895,             0.90157,             0.90681,             0.43067,            0.057354,            0.014314,           0.0073734,            0.005182,            0.005182,            0.005182
                 148,            0.062447,            0.018695,            0.010105,             0.92947,             0.90353,             0.90697,              0.4376,            0.056689,            0.014121,           0.0074293,            0.005149,            0.005149,            0.005149
                 149,             0.06278,            0.019413,           0.0088845,             0.91882,             0.89403,              0.8975,              0.4329,            0.057498,             0.01414,           0.0073795,            0.005116,            0.005116,            0.005116
                 150,            0.063095,             0.01918,           0.0090396,             0.92398,             0.89123,             0.89604,             0.43469,            0.057399,            0.014581,           0.0074695,            0.005083,            0.005083,            0.005083
                 151,             0.06397,            0.020169,           0.0092149,             0.92428,             0.89332,             0.89408,             0.44272,            0.057062,            0.014189,           0.0074631,             0.00505,             0.00505,             0.00505
                 152,            0.062566,            0.019352,           0.0089604,             0.92427,             0.89077,             0.89839,             0.43604,            0.056513,            0.014103,           0.0073852,            0.005017,            0.005017,            0.005017
                 153,            0.062973,            0.018811,           0.0092282,             0.91558,             0.88226,             0.88035,             0.42771,            0.057478,            0.014271,           0.0073867,            0.004984,            0.004984,            0.004984
                 154,            0.061593,            0.019322,           0.0087402,              0.9264,             0.88844,             0.89947,             0.44064,            0.056369,            0.014088,           0.0073809,            0.004951,            0.004951,            0.004951
                 155,            0.062586,            0.019096,           0.0091541,             0.92135,              0.8981,             0.90288,             0.44326,            0.056312,            0.014106,           0.0073442,            0.004918,            0.004918,            0.004918
                 156,            0.062527,            0.018869,           0.0090814,             0.92727,             0.90339,             0.90574,             0.44724,            0.056404,            0.014126,           0.0073454,            0.004885,            0.004885,            0.004885
                 157,            0.061973,            0.018727,           0.0094085,             0.91603,             0.89143,             0.89748,             0.43947,             0.05654,            0.014186,           0.0073894,            0.004852,            0.004852,            0.004852
                 158,             0.06237,            0.018918,           0.0090397,             0.92188,             0.89106,             0.89884,             0.42642,            0.057478,            0.014292,           0.0074471,            0.004819,            0.004819,            0.004819
                 159,            0.063303,             0.01927,            0.010627,             0.91511,             0.90102,             0.90557,             0.44327,            0.056015,            0.014057,           0.0073511,            0.004786,            0.004786,            0.004786
                 160,            0.062274,            0.018448,           0.0087805,             0.92148,             0.89437,              0.9001,             0.43783,            0.057049,            0.014164,           0.0073709,            0.004753,            0.004753,            0.004753
                 161,            0.062007,            0.019813,           0.0092302,             0.91902,             0.88573,             0.89263,             0.42844,            0.057026,            0.014229,            0.007372,             0.00472,             0.00472,             0.00472
                 162,            0.063005,            0.018462,           0.0091121,             0.92928,             0.88541,             0.90718,             0.44214,            0.056176,            0.014222,           0.0074026,            0.004687,            0.004687,            0.004687
                 163,            0.061501,            0.017978,           0.0087674,             0.92548,             0.90062,              0.9085,             0.43999,            0.055887,            0.013946,            0.007341,            0.004654,            0.004654,            0.004654
                 164,            0.062225,            0.018826,            0.009215,             0.92691,             0.90029,             0.90357,             0.44934,            0.056066,            0.014185,           0.0073686,            0.004621,            0.004621,            0.004621
                 165,            0.062108,            0.018614,            0.009224,             0.92264,              0.8968,             0.90223,             0.44378,             0.05605,            0.014076,           0.0074134,            0.004588,            0.004588,            0.004588
                 166,            0.062405,             0.01862,           0.0091887,             0.91695,             0.89515,             0.90159,             0.44418,            0.056708,            0.013969,           0.0073092,            0.004555,            0.004555,            0.004555
                 167,            0.062251,            0.018961,           0.0091711,             0.93216,             0.91128,             0.91484,             0.44041,            0.056441,            0.013937,           0.0073103,            0.004522,            0.004522,            0.004522
                 168,            0.061041,            0.018466,           0.0085699,             0.92627,             0.90515,             0.90401,             0.43658,             0.05623,            0.013983,           0.0074031,            0.004489,            0.004489,            0.004489
                 169,            0.060753,            0.017692,           0.0088161,             0.93064,              0.9053,             0.91026,              0.4446,              0.0563,            0.013946,           0.0073779,            0.004456,            0.004456,            0.004456
                 170,            0.061464,            0.018868,           0.0090359,             0.92835,              0.9046,              0.9094,             0.44676,            0.055885,            0.013901,           0.0073147,            0.004423,            0.004423,            0.004423
                 171,            0.062601,            0.018734,           0.0092071,             0.92438,             0.90768,             0.91068,             0.45866,            0.056283,            0.014037,           0.0074063,             0.00439,             0.00439,             0.00439
                 172,            0.062099,            0.019146,           0.0092073,             0.93051,              0.9015,             0.90432,              0.4504,            0.056146,            0.014068,           0.0074466,            0.004357,            0.004357,            0.004357
                 173,            0.062096,            0.019297,           0.0091928,             0.92545,              0.9002,             0.89399,             0.44045,            0.055829,            0.014037,           0.0073566,            0.004324,            0.004324,            0.004324
                 174,             0.06147,            0.018118,           0.0086568,             0.92131,             0.90023,             0.89925,             0.43374,            0.055945,            0.014021,           0.0073124,            0.004291,            0.004291,            0.004291
                 175,            0.061757,            0.019304,           0.0091202,             0.92027,             0.89925,             0.89996,             0.43543,            0.055973,            0.013911,           0.0073282,            0.004258,            0.004258,            0.004258
                 176,            0.060626,            0.018345,            0.009301,             0.92576,             0.90642,             0.90262,             0.43482,            0.055702,            0.013921,           0.0072837,            0.004225,            0.004225,            0.004225
                 177,            0.061572,            0.018493,           0.0090841,              0.9246,             0.90184,              0.9032,              0.4401,            0.056248,               0.014,           0.0072972,            0.004192,            0.004192,            0.004192
                 178,            0.060957,            0.018007,           0.0089298,             0.92586,             0.89698,             0.89791,             0.43945,             0.05628,            0.014084,           0.0072847,            0.004159,            0.004159,            0.004159
                 179,            0.060379,            0.017915,             0.00874,             0.91166,             0.89805,             0.90172,             0.43476,            0.056361,            0.013989,           0.0072925,            0.004126,            0.004126,            0.004126
                 180,            0.061309,            0.019093,           0.0089077,              0.9263,             0.90675,             0.90479,             0.44167,            0.055631,            0.013902,           0.0072508,            0.004093,            0.004093,            0.004093
                 181,            0.060652,            0.018439,           0.0087515,             0.91812,             0.89806,             0.89529,             0.43637,            0.055995,            0.014128,            0.007339,             0.00406,             0.00406,             0.00406
                 182,            0.062441,             0.01904,           0.0091368,             0.92543,             0.90693,             0.90906,             0.44569,            0.055412,             0.01409,           0.0072807,            0.004027,            0.004027,            0.004027
                 183,              0.0617,            0.018356,           0.0090048,             0.91845,             0.90601,             0.91472,             0.44843,            0.055549,            0.014085,            0.007273,            0.003994,            0.003994,            0.003994
                 184,            0.061617,            0.018774,           0.0091646,             0.92967,             0.89978,             0.91173,             0.45136,            0.055866,            0.014003,           0.0073053,            0.003961,            0.003961,            0.003961
                 185,             0.06128,            0.019008,           0.0089538,             0.92069,             0.90245,             0.91154,             0.44595,            0.056077,            0.013978,           0.0072733,            0.003928,            0.003928,            0.003928
                 186,            0.061218,            0.018333,           0.0089457,             0.91804,             0.90108,             0.89642,             0.44802,            0.056483,            0.014026,           0.0072951,            0.003895,            0.003895,            0.003895
                 187,            0.061692,            0.018995,           0.0090803,             0.92692,             0.90522,             0.90997,              0.4366,            0.055843,            0.013985,           0.0072653,            0.003862,            0.003862,            0.003862
                 188,            0.061224,            0.018799,           0.0089185,             0.91782,             0.90527,             0.90125,             0.44922,            0.055262,            0.013952,           0.0072698,            0.003829,            0.003829,            0.003829
                 189,            0.060424,            0.018528,           0.0086864,             0.92702,             0.90347,             0.90914,             0.44342,             0.05545,             0.01393,           0.0073217,            0.003796,            0.003796,            0.003796
                 190,            0.060421,            0.018544,           0.0088761,             0.93204,             0.90748,             0.91524,             0.45406,            0.055436,            0.013859,           0.0072904,            0.003763,            0.003763,            0.003763
                 191,            0.061055,            0.018936,           0.0089448,             0.93103,             0.90641,              0.9124,             0.45231,             0.05548,            0.013812,             0.00728,             0.00373,             0.00373,             0.00373
                 192,            0.060363,             0.01952,            0.009031,             0.91675,              0.8994,             0.90559,             0.44497,            0.055865,            0.013956,           0.0073361,            0.003697,            0.003697,            0.003697
                 193,            0.060742,            0.018127,           0.0088638,             0.92755,             0.90858,             0.90834,             0.44929,             0.05524,            0.013917,           0.0073326,            0.003664,            0.003664,            0.003664
                 194,            0.060144,            0.018246,           0.0087278,             0.92752,             0.91034,              0.9055,             0.45237,            0.055383,            0.013945,           0.0072848,            0.003631,            0.003631,            0.003631
                 195,            0.060879,            0.018772,           0.0090167,             0.93398,             0.91224,             0.91233,             0.45238,            0.055908,            0.013969,           0.0072409,            0.003598,            0.003598,            0.003598
                 196,             0.06109,            0.018669,             0.00909,             0.92278,             0.89968,             0.89568,              0.4472,            0.056529,            0.014097,           0.0072371,            0.003565,            0.003565,            0.003565
                 197,            0.060835,            0.018911,           0.0090582,             0.92725,             0.91483,             0.91196,             0.44031,            0.055062,            0.013863,           0.0072341,            0.003532,            0.003532,            0.003532
                 198,            0.060742,            0.018272,           0.0090905,             0.92691,             0.90421,             0.90618,             0.44575,            0.055516,            0.013936,           0.0072174,            0.003499,            0.003499,            0.003499
                 199,            0.060373,            0.018553,           0.0088838,             0.92048,             0.90812,             0.91126,             0.45424,            0.055219,            0.013763,           0.0072165,            0.003466,            0.003466,            0.003466
                 200,            0.059828,            0.018073,           0.0086935,               0.917,             0.89782,             0.90545,              0.4533,            0.055518,            0.013895,           0.0072395,            0.003433,            0.003433,            0.003433
                 201,            0.061089,            0.018843,             0.00911,             0.91997,             0.90372,             0.90643,             0.45346,            0.056409,            0.013924,           0.0072227,              0.0034,              0.0034,              0.0034
                 202,            0.060656,            0.018668,           0.0091536,             0.92361,             0.90488,             0.91147,             0.45083,             0.05555,            0.013807,           0.0072471,            0.003367,            0.003367,            0.003367
                 203,             0.06032,            0.018784,            0.009041,             0.92666,             0.90422,             0.90164,             0.45238,            0.055806,            0.013789,           0.0072982,            0.003334,            0.003334,            0.003334
                 204,            0.059666,             0.01823,           0.0086714,             0.92526,             0.89949,             0.90726,             0.44557,            0.055237,            0.013781,           0.0072514,            0.003301,            0.003301,            0.003301
                 205,            0.059951,            0.020121,           0.0088673,             0.92287,             0.89975,             0.90748,             0.45326,            0.055888,            0.013958,            0.007228,            0.003268,            0.003268,            0.003268
                 206,            0.059902,            0.018413,           0.0089534,              0.9244,             0.90204,             0.90875,               0.458,            0.055304,            0.013789,           0.0072365,            0.003235,            0.003235,            0.003235
                 207,            0.059686,            0.018714,           0.0088809,             0.93467,             0.90529,             0.90559,             0.45155,            0.055425,            0.013806,           0.0072657,            0.003202,            0.003202,            0.003202
                 208,              0.0603,            0.018014,            0.008955,             0.92982,             0.90915,             0.90765,             0.45314,            0.054919,             0.01371,           0.0072441,            0.003169,            0.003169,            0.003169
                 209,            0.060244,            0.018951,           0.0090636,             0.92649,             0.90786,             0.91325,             0.45467,            0.054585,             0.01378,           0.0072096,            0.003136,            0.003136,            0.003136
                 210,            0.060629,            0.017856,           0.0092644,             0.92146,             0.90487,             0.90165,             0.44445,            0.055801,            0.013842,           0.0072254,            0.003103,            0.003103,            0.003103
                 211,            0.060144,            0.018405,           0.0087046,             0.92534,             0.90375,             0.91377,             0.45231,            0.055132,            0.013749,           0.0072652,             0.00307,             0.00307,             0.00307
                 212,            0.059009,            0.018084,           0.0086047,             0.93307,             0.90934,             0.90877,             0.45438,            0.055422,            0.013782,           0.0072445,            0.003037,            0.003037,            0.003037
                 213,            0.059724,            0.018022,           0.0085886,             0.92315,             0.90894,             0.90127,             0.44394,            0.054813,            0.013685,            0.007234,            0.003004,            0.003004,            0.003004
                 214,             0.05976,            0.018243,           0.0084202,             0.93622,             0.91543,              0.9175,             0.45343,            0.054678,            0.013743,           0.0072302,            0.002971,            0.002971,            0.002971
                 215,            0.060663,            0.018684,           0.0094753,             0.93074,             0.91223,             0.90861,             0.45098,            0.054826,            0.013715,           0.0072275,            0.002938,            0.002938,            0.002938
                 216,            0.059765,            0.018295,           0.0089678,             0.92199,              0.9032,             0.89887,             0.45118,            0.055004,            0.013803,           0.0071922,            0.002905,            0.002905,            0.002905
                 217,            0.059439,            0.018225,           0.0089576,             0.92379,             0.90405,             0.90264,             0.45026,             0.05512,            0.013872,           0.0072082,            0.002872,            0.002872,            0.002872
                 218,            0.059163,            0.018284,           0.0087946,             0.92577,             0.90936,             0.91016,             0.45017,            0.054909,            0.013819,           0.0071912,            0.002839,            0.002839,            0.002839
                 219,            0.059435,            0.018449,           0.0087474,             0.92518,             0.90869,             0.89767,             0.45089,            0.055827,            0.013796,           0.0071774,            0.002806,            0.002806,            0.002806
                 220,            0.059388,            0.019167,           0.0087343,             0.92364,             0.90486,              0.9043,             0.44872,            0.055472,            0.013714,           0.0072101,            0.002773,            0.002773,            0.002773
                 221,            0.058746,            0.017454,           0.0087064,             0.92667,             0.90604,             0.90749,             0.45269,            0.054865,            0.013627,            0.007205,             0.00274,             0.00274,             0.00274
                 222,            0.059985,            0.018909,           0.0087774,             0.93271,             0.91205,             0.91338,             0.45081,            0.055568,            0.013747,           0.0072054,            0.002707,            0.002707,            0.002707
                 223,            0.059938,            0.018907,           0.0091115,             0.92587,             0.90893,             0.90991,             0.45692,            0.055077,            0.013655,           0.0071614,            0.002674,            0.002674,            0.002674
                 224,            0.059578,            0.018037,           0.0087343,             0.92354,             0.91063,             0.91139,              0.4527,             0.05494,            0.013677,           0.0071496,            0.002641,            0.002641,            0.002641
                 225,            0.059475,            0.017645,           0.0087281,              0.9299,             0.91113,             0.90806,             0.45283,            0.055027,            0.013706,           0.0071638,            0.002608,            0.002608,            0.002608
                 226,            0.059998,             0.01882,           0.0088604,             0.92744,              0.9039,             0.90401,             0.44259,            0.055429,            0.013788,           0.0071649,            0.002575,            0.002575,            0.002575
                 227,            0.059639,             0.01806,            0.009028,             0.93133,             0.91184,             0.91005,             0.44997,            0.055032,            0.013751,           0.0071578,            0.002542,            0.002542,            0.002542
                 228,            0.059562,            0.018717,            0.009087,             0.92494,             0.90054,             0.90361,             0.44623,            0.055031,            0.013766,           0.0071798,            0.002509,            0.002509,            0.002509
                 229,            0.060413,            0.017597,           0.0090852,             0.92473,             0.90535,             0.90444,             0.45376,            0.054989,            0.013738,           0.0071511,            0.002476,            0.002476,            0.002476
                 230,            0.060079,            0.018909,           0.0092278,             0.92509,             0.90602,             0.90687,             0.45504,            0.054505,            0.013597,           0.0071596,            0.002443,            0.002443,            0.002443
                 231,            0.058611,            0.017991,           0.0086608,             0.93825,               0.914,             0.91533,             0.45281,            0.054663,            0.013679,           0.0072143,             0.00241,             0.00241,             0.00241
                 232,            0.059336,            0.018786,           0.0089017,             0.92656,             0.90786,             0.90761,             0.46018,            0.054425,            0.013571,           0.0071676,            0.002377,            0.002377,            0.002377
                 233,            0.058381,            0.018199,           0.0086411,             0.92181,             0.90719,             0.91171,             0.46425,            0.054354,            0.013565,           0.0071413,            0.002344,            0.002344,            0.002344
                 234,            0.059117,            0.017712,           0.0087104,             0.92615,             0.90129,             0.89933,             0.45689,            0.054627,            0.013627,           0.0071765,            0.002311,            0.002311,            0.002311
                 235,            0.058452,            0.018045,           0.0086997,             0.92925,             0.90699,             0.90133,              0.4491,            0.054612,              0.0137,            0.007145,            0.002278,            0.002278,            0.002278
                 236,             0.05979,            0.018368,           0.0087935,             0.92352,              0.9028,             0.89701,             0.44931,            0.054787,             0.01373,           0.0071535,            0.002245,            0.002245,            0.002245
                 237,            0.058938,            0.018823,           0.0088556,              0.9313,             0.90635,             0.90397,             0.45159,            0.055028,            0.013663,            0.007134,            0.002212,            0.002212,            0.002212
                 238,            0.059196,            0.018588,           0.0085669,             0.92853,             0.90501,             0.89829,             0.44654,            0.055484,            0.013802,           0.0071543,            0.002179,            0.002179,            0.002179
                 239,            0.058649,            0.018333,           0.0086553,             0.92784,             0.90538,             0.90843,             0.44533,            0.055086,            0.013711,           0.0071785,            0.002146,            0.002146,            0.002146
                 240,            0.058085,            0.018586,           0.0088211,             0.93239,             0.90669,             0.90714,             0.45199,            0.054761,            0.013589,           0.0071183,            0.002113,            0.002113,            0.002113
                 241,            0.058943,            0.018049,           0.0087943,             0.92771,             0.90623,             0.90642,              0.4482,            0.055017,            0.013704,           0.0071367,             0.00208,             0.00208,             0.00208
                 242,            0.057973,            0.018214,           0.0084695,             0.93382,             0.91278,             0.91561,             0.44362,            0.055103,            0.013755,           0.0071554,            0.002047,            0.002047,            0.002047
                 243,            0.058341,            0.018683,           0.0087507,             0.93134,              0.9131,             0.90553,             0.45597,            0.054981,            0.013736,           0.0071461,            0.002014,            0.002014,            0.002014
                 244,            0.059442,            0.019412,           0.0089088,             0.93212,             0.90895,             0.90944,             0.45579,             0.05466,            0.013647,           0.0071466,            0.001981,            0.001981,            0.001981
                 245,            0.058838,            0.019003,           0.0088385,             0.92933,             0.90533,             0.90884,             0.44563,            0.054903,            0.013748,           0.0071867,            0.001948,            0.001948,            0.001948
                 246,            0.058581,             0.01789,           0.0087146,             0.92389,              0.9044,             0.89998,             0.45261,            0.054464,             0.01371,           0.0071484,            0.001915,            0.001915,            0.001915
                 247,            0.059276,            0.018249,           0.0088383,             0.91855,             0.90432,             0.90145,              0.4529,            0.055021,            0.013736,            0.007139,            0.001882,            0.001882,            0.001882
                 248,            0.058481,            0.018429,           0.0089223,             0.92475,             0.90848,             0.90605,             0.45283,            0.054827,            0.013667,            0.007135,            0.001849,            0.001849,            0.001849
                 249,            0.059331,            0.018387,           0.0088732,               0.926,             0.90908,              0.9073,             0.45481,            0.054391,            0.013703,           0.0071231,            0.001816,            0.001816,            0.001816
                 250,            0.058352,            0.017815,           0.0083968,             0.93104,              0.9141,             0.91002,             0.45282,            0.054675,            0.013764,           0.0071795,            0.001783,            0.001783,            0.001783
                 251,            0.058576,            0.018009,           0.0088324,             0.93205,             0.91408,               0.911,              0.4594,              0.0542,            0.013671,           0.0071832,             0.00175,             0.00175,             0.00175
                 252,            0.057487,            0.018057,           0.0086381,             0.92231,             0.90234,             0.90248,             0.45192,            0.054867,            0.013744,           0.0071427,            0.001717,            0.001717,            0.001717
                 253,            0.057666,             0.01697,           0.0086429,             0.92217,             0.90167,             0.90387,             0.45838,            0.054869,             0.01377,           0.0071118,            0.001684,            0.001684,            0.001684
                 254,            0.058391,            0.018796,            0.008755,             0.92178,             0.90426,             0.89694,             0.45576,            0.054945,            0.013781,           0.0071099,            0.001651,            0.001651,            0.001651
                 255,            0.059275,            0.018578,           0.0090523,             0.92395,             0.90617,             0.90562,             0.45355,            0.054793,            0.013745,           0.0071161,            0.001618,            0.001618,            0.001618
                 256,            0.058337,            0.018553,           0.0086656,             0.92672,             0.90711,             0.90427,             0.45879,            0.054622,             0.01365,            0.007099,            0.001585,            0.001585,            0.001585
                 257,            0.058454,            0.017808,            0.008941,             0.92539,             0.90588,             0.90357,             0.45783,            0.054626,            0.013716,           0.0071245,            0.001552,            0.001552,            0.001552
                 258,            0.058978,            0.018298,            0.008932,             0.93149,              0.9119,             0.90766,             0.45815,            0.054087,            0.013686,           0.0071366,            0.001519,            0.001519,            0.001519
                 259,            0.058222,            0.018246,           0.0085445,              0.9309,             0.90856,             0.90608,              0.4594,             0.05431,            0.013622,           0.0071167,            0.001486,            0.001486,            0.001486
                 260,            0.058456,            0.017861,           0.0088084,             0.92832,             0.90362,             0.90133,              0.4566,             0.05522,            0.013733,           0.0071035,            0.001453,            0.001453,            0.001453
                 261,            0.058645,            0.018042,           0.0090002,             0.92065,             0.90628,             0.89951,             0.45696,            0.054834,            0.013629,           0.0071092,             0.00142,             0.00142,             0.00142
                 262,            0.058027,            0.017604,           0.0087414,             0.92111,             0.90911,             0.90754,             0.45804,            0.054616,            0.013666,           0.0071075,            0.001387,            0.001387,            0.001387
                 263,            0.058525,            0.018415,           0.0088044,             0.92895,             0.91152,             0.91279,             0.45554,            0.054678,            0.013675,           0.0070861,            0.001354,            0.001354,            0.001354
                 264,            0.057669,            0.017847,           0.0086302,             0.92528,             0.90943,             0.90919,             0.45545,            0.054691,            0.013657,           0.0071082,            0.001321,            0.001321,            0.001321
                 265,             0.05855,            0.018271,           0.0087014,             0.92413,             0.90748,             0.90864,             0.45257,            0.054566,            0.013687,           0.0071076,            0.001288,            0.001288,            0.001288
                 266,            0.057075,            0.017602,           0.0085265,              0.9272,             0.91042,             0.91122,             0.45601,             0.05449,            0.013656,           0.0071101,            0.001255,            0.001255,            0.001255
                 267,            0.057872,            0.017879,            0.008671,             0.92813,             0.91777,             0.91666,             0.46336,            0.054708,            0.013669,           0.0071142,            0.001222,            0.001222,            0.001222
                 268,            0.057849,            0.018258,            0.008715,             0.92794,             0.91392,             0.91528,             0.45894,            0.054536,            0.013661,           0.0070963,            0.001189,            0.001189,            0.001189
                 269,            0.057563,            0.018049,           0.0087739,             0.92466,             0.90881,             0.91069,             0.45669,            0.054548,            0.013709,           0.0070942,            0.001156,            0.001156,            0.001156
                 270,            0.058253,            0.018366,           0.0088257,             0.93042,             0.91275,             0.91413,             0.46171,            0.054349,            0.013683,           0.0071204,            0.001123,            0.001123,            0.001123
                 271,            0.057563,            0.017787,           0.0086598,             0.92617,             0.90996,             0.91039,             0.46321,            0.054574,             0.01366,           0.0071121,             0.00109,             0.00109,             0.00109
                 272,            0.058255,             0.01818,           0.0087817,             0.92626,             0.91089,             0.91013,             0.45505,            0.054625,            0.013669,           0.0071224,            0.001057,            0.001057,            0.001057
                 273,            0.058622,            0.018621,           0.0090303,             0.92776,             0.91194,             0.90927,             0.45663,            0.054452,             0.01361,           0.0071002,            0.001024,            0.001024,            0.001024
                 274,            0.058031,            0.019019,           0.0086452,             0.93596,             0.91556,             0.91956,             0.46288,            0.053952,            0.013516,           0.0070836,            0.000991,            0.000991,            0.000991
                 275,            0.058317,            0.018284,           0.0091534,             0.92464,             0.90603,             0.91335,             0.45912,             0.05425,            0.013581,           0.0070877,            0.000958,            0.000958,            0.000958
                 276,            0.057918,             0.01745,           0.0087208,             0.92504,             0.90712,             0.90722,             0.45948,            0.054427,            0.013658,           0.0070844,            0.000925,            0.000925,            0.000925
                 277,            0.058754,            0.018902,           0.0087908,             0.92648,             0.90735,             0.90476,             0.45035,            0.054504,             0.01365,            0.007109,            0.000892,            0.000892,            0.000892
                 278,            0.057319,            0.018097,           0.0085692,              0.9236,             0.90338,             0.90461,             0.45564,             0.05437,            0.013593,           0.0071173,            0.000859,            0.000859,            0.000859
                 279,            0.057897,            0.018117,           0.0089326,             0.92343,             0.90355,             0.90546,             0.45688,             0.05451,            0.013576,           0.0070988,            0.000826,            0.000826,            0.000826
                 280,            0.057775,            0.017741,           0.0086594,             0.92736,             0.91091,             0.90966,             0.45995,            0.054287,            0.013583,            0.007078,            0.000793,            0.000793,            0.000793
                 281,            0.056871,            0.017453,           0.0085711,             0.92341,             0.90716,             0.90407,              0.4565,            0.054602,            0.013678,            0.007078,             0.00076,             0.00076,             0.00076
                 282,            0.057228,            0.018224,           0.0085967,             0.92252,              0.9068,              0.9021,             0.45691,            0.054348,            0.013624,           0.0070933,            0.000727,            0.000727,            0.000727
                 283,            0.058439,            0.018664,            0.009162,             0.92446,             0.90604,             0.90309,             0.45605,            0.054552,            0.013653,           0.0070902,            0.000694,            0.000694,            0.000694
                 284,            0.057922,            0.018351,            0.008596,             0.92032,             0.90523,             0.89886,             0.45826,            0.054508,             0.01365,           0.0070961,            0.000661,            0.000661,            0.000661
                 285,            0.057248,            0.018182,           0.0084927,             0.92723,              0.9062,             0.89832,             0.45924,            0.054688,            0.013704,           0.0070959,            0.000628,            0.000628,            0.000628
                 286,            0.057415,            0.018278,           0.0087793,              0.9233,             0.90653,             0.89885,             0.45613,            0.054833,            0.013758,           0.0070742,            0.000595,            0.000595,            0.000595
                 287,             0.05822,            0.018663,           0.0090496,             0.91998,             0.90208,             0.89528,              0.4604,            0.054312,            0.013634,           0.0070697,            0.000562,            0.000562,            0.000562
                 288,            0.057205,            0.017579,           0.0086892,             0.93152,             0.91023,             0.90968,             0.46398,            0.053983,            0.013556,           0.0070646,            0.000529,            0.000529,            0.000529
                 289,            0.057918,             0.01872,            0.008807,             0.92698,             0.90675,             0.90721,              0.4613,            0.054132,            0.013603,           0.0070612,            0.000496,            0.000496,            0.000496
                 290,            0.057002,             0.01802,           0.0086031,             0.92439,             0.90474,             0.90213,             0.45981,            0.054421,            0.013665,           0.0070637,            0.000463,            0.000463,            0.000463
                 291,            0.056833,            0.016851,           0.0082269,             0.92203,              0.9061,             0.90792,             0.46167,            0.054237,            0.013616,            0.007064,             0.00043,             0.00043,             0.00043
                 292,            0.057626,            0.018636,           0.0087328,               0.927,             0.90803,              0.9088,             0.46431,             0.05397,            0.013525,           0.0070615,            0.000397,            0.000397,            0.000397
                 293,            0.057455,            0.018301,           0.0086988,             0.92741,             0.90841,             0.91239,             0.46737,            0.054273,            0.013605,           0.0070616,            0.000364,            0.000364,            0.000364
                 294,            0.057089,            0.017129,           0.0082664,             0.93225,             0.91243,             0.91596,             0.46557,            0.053996,            0.013544,           0.0070624,            0.000331,            0.000331,            0.000331
                 295,            0.057393,            0.018012,           0.0087549,             0.92755,             0.91264,             0.91191,             0.46347,            0.053943,            0.013522,           0.0070683,            0.000298,            0.000298,            0.000298
                 296,            0.057079,            0.018234,            0.008726,               0.929,             0.91184,             0.91248,             0.46413,            0.054034,            0.013544,           0.0070777,            0.000265,            0.000265,            0.000265
                 297,            0.057511,            0.018637,           0.0089155,              0.9285,             0.90956,             0.90908,             0.46474,             0.05416,            0.013567,           0.0070796,            0.000232,            0.000232,            0.000232
                 298,            0.058044,             0.01826,           0.0090107,             0.93004,             0.91039,              0.9132,              0.4664,             0.05394,            0.013522,           0.0070774,            0.000199,            0.000199,            0.000199
                 299,            0.056648,            0.017792,           0.0087518,             0.93011,             0.91066,             0.91294,             0.46451,             0.05393,            0.013506,           0.0070743,            0.000166,            0.000166,            0.000166
